20,male,U1d3b32fd0aa3064d0460defb6e99a1c2
20,male,U8c3b7f6b0598af445eff1d15fad53813
20,male,U8c3b7f6b0598af445eff1d15fad53813
20,male,U356c82561eb2293ebb0eb40986af627c
20,male,U6c6b3b962b0a5680aa035d6580f69b7d
20,male,U6c6b3b962b0a5680aa035d6580f69b7d
20,male,Udfb06966fb82288a6b25ffad541e05a6
20,male,U8c60cfbf70a5a8995cd7c74f05eb53cb
20,male,Ue62ed5976dfaa344365bb533cb32ab9e
20,male,U642193415fc9ce084c6600c38dad8794
20,male,U642193415fc9ce084c6600c38dad8794
20,male,U642193415fc9ce084c6600c38dad8794
10,male,U08f98b7c401a4a26484b2f10db2540c2
50,male,U4700eff1ee5f7d212a21682883cdeb6b
20,male,Uaf8c48332beed31a60d5ada3a550d866
30,male,Uc17e99b6bfb9bd5bcc632596ff4339f8
20,male,Uff7cb4f1eb70b15a49afad8cafdc72f6
20,male,Ud8c1454e8f68cc6e59400ba9761b59c2
20,female,U09af772e13be42c465d8b81836953447
10,female,U463472f1cca7db99e949a6974e4930bc
20,male,U7a690e69c56e88da72065ab4effe12d3
20,male,U7a690e69c56e88da72065ab4effe12d3
20,male,U7a690e69c56e88da72065ab4effe12d3
30,male,U451b8b2710fd0f349e65da1be2c60886
30,male,U451b8b2710fd0f349e65da1be2c60886
30,male,U451b8b2710fd0f349e65da1be2c60886
